{
  "dynamicCursor": false,
  "markSelection": false,
  "activeLineOnSelect": false,
  "enableCMinPreview": true,
  "enablePrismJSStyling": true,
  "editModeHideTokens": false,
  "editModeClickHandler": false,
  "showLineNums": true,
  "copyButton": false,
  "copyButtonOnPRE": false,
  "enableOpenMD": false,
  "cursorBlinkRate": 530,
  "foldLinks": false,
  "foldImages": false,
  "containerAttributes": false,
  "syntaxHighlighting": true,
  "autoAlignTables": false,
  "renderCode": false,
  "renderHTML": false,
  "renderChart": false,
  "renderAdmonition": false,
  "renderQuery": false,
  "renderDataview": false,
  "renderMath": false,
  "renderMathPreview": false,
  "renderBanner": false,
  "renderEmbeds": false,
  "renderEmoji": false,
  "renderTasks": false,
  "showBacklinks": false,
  "styleCheckBox": true,
  "allowedYamlKeys": "document-font-size",
  "tokenList": "em|strong|strikethrough|code|linkText|task|internalLink|highlight"
}