{
  "editor:swap-line-down": [
    {
      "modifiers": [
        "Mod"
      ],
      "key": "ArrowDown"
    }
  ],
  "editor:swap-line-up": [
    {
      "modifiers": [
        "Mod"
      ],
      "key": "ArrowUp"
    }
  ],
  "workspace:toggle-stacked-tabs": [
    {
      "modifiers": [
        "Mod",
        "Shift"
      ],
      "key": "Enter"
    }
  ],
  "outline:open-for-current": [
    {
      "modifiers": [
        "Mod"
      ],
      "key": "A"
    }
  ],
  "workspace:export-pdf": [
    {
      "modifiers": [
        "Mod",
        "Shift"
      ],
      "key": "P"
    }
  ],
  "editor:open-link-in-new-split": [],
  "editor:unfold-all": [
    {
      "modifiers": [
        "Mod",
        "Shift"
      ],
      "key": "ArrowDown"
    }
  ],
  "editor:fold-all": [
    {
      "modifiers": [
        "Mod",
        "Shift"
      ],
      "key": "ArrowUp"
    }
  ],
  "editor:toggle-strikethrough": [
    {
      "modifiers": [
        "Mod"
      ],
      "key": "-"
    }
  ],
  "editor:set-heading-1": [
    {
      "modifiers": [
        "Mod"
      ],
      "key": "Numpad1"
    }
  ],
  "editor:set-heading-2": [
    {
      "modifiers": [
        "Mod"
      ],
      "key": "Numpad2"
    }
  ],
  "editor:set-heading-3": [
    {
      "modifiers": [
        "Mod"
      ],
      "key": "Numpad3"
    }
  ],
  "editor:set-heading-4": [
    {
      "modifiers": [
        "Mod"
      ],
      "key": "Numpad4"
    }
  ],
  "editor:set-heading-5": [
    {
      "modifiers": [
        "Mod"
      ],
      "key": "Numpad5"
    }
  ],
  "editor:set-heading-6": [
    {
      "modifiers": [
        "Mod"
      ],
      "key": "Numpad6"
    }
  ],
  "editor:toggle-highlight": [
    {
      "modifiers": [
        "Mod"
      ],
      "key": "+"
    }
  ],
  "editor:rename-heading": [
    {
      "modifiers": [
        "Mod"
      ],
      "key": "Numpad7"
    }
  ],
  "style-text:style9": [
    {
      "modifiers": [
        "Mod",
        "Shift"
      ],
      "key": "+"
    }
  ],
  "editor:insert-codeblock": [
    {
      "modifiers": [
        "Mod"
      ],
      "key": "."
    }
  ],
  "editor:toggle-code": [
    {
      "modifiers": [
        "Alt"
      ],
      "key": "."
    }
  ]
}