{
  "main": {
    "id": "7b51585e7175419f",
    "type": "split",
    "children": [
      {
        "id": "0e1be394e1cac174",
        "type": "tabs",
        "children": [
          {
            "id": "e4339eb93e4a4754",
            "type": "leaf",
            "state": {
              "type": "markdown",
              "state": {
                "file": "A Study/如何使用这个软件.md",
                "mode": "source",
                "backlinks": false,
                "source": false
              }
            }
          }
        ]
      }
    ],
    "direction": "vertical"
  },
  "left": {
    "id": "fa18260e50604aeb",
    "type": "split",
    "children": [
      {
        "id": "123bb1135d53fc24",
        "type": "tabs",
        "children": [
          {
            "id": "e16fe6a3d8a06e07",
            "type": "leaf",
            "state": {
              "type": "file-explorer",
              "state": {
                "sortOrder": "alphabetical"
              }
            }
          },
          {
            "id": "77e2deb3daca5158",
            "type": "leaf",
            "state": {
              "type": "search",
              "state": {
                "query": "drupalSettings",
                "matchingCase": false,
                "explainSearch": false,
                "collapseAll": false,
                "extraContext": false,
                "sortOrder": "alphabetical"
              }
            }
          },
          {
            "id": "d823795774e97c10",
            "type": "leaf",
            "state": {
              "type": "bookmarks",
              "state": {}
            }
          }
        ]
      }
    ],
    "direction": "horizontal",
    "width": 300
  },
  "right": {
    "id": "846de61af6762259",
    "type": "split",
    "children": [
      {
        "id": "76efdb014752f25a",
        "type": "tabs",
        "children": [
          {
            "id": "b2e6a531c5fb8aae",
            "type": "leaf",
            "state": {
              "type": "backlink",
              "state": {
                "file": "A Study/如何使用这个软件.md",
                "collapseAll": false,
                "extraContext": false,
                "sortOrder": "alphabetical",
                "showSearch": false,
                "searchQuery": "",
                "backlinkCollapsed": false,
                "unlinkedCollapsed": true
              }
            }
          },
          {
            "id": "b59e4036ef78001f",
            "type": "leaf",
            "state": {
              "type": "outgoing-link",
              "state": {
                "file": "A Study/如何使用这个软件.md",
                "linksCollapsed": false,
                "unlinkedCollapsed": true
              }
            }
          },
          {
            "id": "ab98a37ee92d3c8f",
            "type": "leaf",
            "state": {
              "type": "tag",
              "state": {
                "sortOrder": "frequency",
                "useHierarchy": true
              }
            }
          },
          {
            "id": "f08065a70340c993",
            "type": "leaf",
            "state": {
              "type": "outline",
              "state": {
                "file": "A Study/如何使用这个软件.md"
              }
            }
          }
        ]
      }
    ],
    "direction": "horizontal",
    "width": 300,
    "collapsed": true
  },
  "left-ribbon": {
    "hiddenItems": {
      "switcher:打开快速切换": false,
      "graph:查看关系图谱": false,
      "canvas:新建白板": false,
      "daily-notes:打开/创建今天的日记": false,
      "templates:插入模板": false,
      "command-palette:打开命令面板": false
    }
  },
  "active": "e4339eb93e4a4754",
  "lastOpenFiles": [
    "A Study/23.09.05.md",
    "A Study/23.09.04.md",
    "A Study/23.09.01.md",
    "A Study/1 Work.md",
    "A Study/1.0 Module.md",
    "A Study/attachments/ct_htmltree.gif",
    "A Study/attachments/Drupal 10 Module Development Develop and deliver engaging and intuitive enterprise-level apps, 4th Edition (Daniel Sipos) (Z-Library).pdf",
    "A Study/如何使用这个软件.md",
    "Drupal/Code Skill/更新钩子.md",
    "Drupal/Code Skill/实体.md",
    "A Study/attachments/Pasted image 20230905160707.png",
    "A Study/attachments/Pasted image 20230905160637.png",
    "Drupal/Code Skill/类型化数据API （Typed Data API）.md",
    "Drupal/Code Skill/数据库API.md",
    "Drupal/Code Skill/Services and dependency injection in Drupal 8+.md",
    "Drupal/Code Skill/Drupal & PHP 代码规范.md",
    "Drupal/Code Skill/Drupal数据库操作.md",
    "Drupal/Code Skill/Reset 函数.md",
    "Drupal/Code Skill/为什么为form、block进行依赖注入时需要实现create方法.md",
    "Drupal/Code Skill/使用drush重置drupal站点密码.md",
    "Drupal/Code Skill/根据dump打印目标值.md",
    "README.md",
    "JS/JavaScript入门.md",
    "Drupal/Code Skill/将数据存储到drupal.settings.md",
    "JS/JavaScript HTML DOM.md",
    "A Study/2023.08/23.08.01.md",
    "Drupal/Code Skill/事件订阅器优先级问题.md",
    "A Study/2023.08",
    "A Study/attachments/Pasted image 20230904104248.png",
    "A Study/attachments/Pasted image 20230904104219.png",
    "Drupal/Code Skill/Text 字段中的URL跳转时在新的浏览器tab打开.md",
    "Drupal/Code Skill/事件订阅器，路由事件订阅器.md",
    "A Study/2023.08/23.08.29.md",
    "A Study/attachments/Pasted image 20230831174910.png",
    "A Study/attachments/Pasted image 20230831173238.png",
    "A Study/attachments/Pasted image 20230831173043.png",
    "A Study/attachments/Pasted image 20230831173029.png",
    "A Study/attachments/Pasted image 20230831173007.png",
    "JS",
    "A Study/2023.07",
    "Drupal/Code Skill",
    "Drupal/CMS设置",
    "A Study/attachments/select2.min.js",
    "A Study/attachments/select.js",
    "A Study/attachments/select2_override.css",
    "A Study/attachments/select2.min.css"
  ]
}